chain,total,avgscore,total_graded,propA,propB,propC,propCritical,prop_02B,prop_02G,prop_04A,prop_04L,prop_04N,prop_06A,prop_06C,prop_06D,prop_06F,prop_08A,prop_08C,prop_10B,prop_10F,prop_10G,prop_10H
FALSE,3753,13.274713562483353,3511,0.8914839077185986,0.07035032754201083,0.038165764739390484,0.5033306687982947,0.03412414689632759,0.04777380565485863,0.03542411439714007,0.03899902502437439,0.038349041273968154,0.022749431264218394,0.09099772505687358,0.15404614884627885,0.028924276893077673,0.07279818004549886,0.024049398765030875,0.10529736756581086,0.24601884952876177,0.03444913877153071,0.025999350016249593
TRUE,686,9.434402332361518,673,0.974739970282318,0.017830609212481426,0.007429420505200594,0.36588921282798836,0.008143322475570033,0.05374592833876222,0.004885993485342019,0.019543973941368076,0.050488599348534204,0.009771986970684038,0.08306188925081433,0.11237785016286644,0.019543973941368076,0.06677524429967427,0.013029315960912053,0.13192182410423453,0.39087947882736157,0.016286644951140065,0.019543973941368076
